Workbook
Name Column1: 'Base de datos'!$G$73:$G$78
Name ESTADO: Table2[[ESTADO ]]

Sheet Base de datos
A1: N.º | B1: Documento
A2: 2.1. | B2: Carta de autorización y aprobación de planos
A3: 2.2. | B3: Certificado de no objeción
A4: 2.3. | B4: Certificado de no objeción
A5: 2.4. | B5: Certificación de registro de impacto mínimo
A6: 2.5. | B6: Licencia de construcción
A7: 2.6. | B7: Certificación (gestión de costos Y presupuestos)
A8: 2.7.
A9: 2.8.
A10: 2.9.
A11: 2.10.
A12: 2.11.
A13: 2.2.1. | B13: Plano de coordenadas / solar.
A14: 2.2.2. | B14: Plano curvas de nivel.
A15: 2.2.3. | B15: Plano puntos de sondeo.
A16: 2.2.4. | B16: Estudio de suelo.
A17: 2.2.5. | B17: Planta de Charrancha y Ejes.
A18: 2.2.6. | B18: 0
A19: 3.1. | B19: Memoria descriptiva del proyecto:
A20: 3.2. | B20: Memoria de materiales del proyecto:
A21: 3.3. | B21: Especificaciones de equipos sanitarios, eléctricos y de mecánicos:
A22: 3.4. | B22: Listado de materiales:
A23: 3.5. | B23: Dossier de aparatos sanitarios:
A24: 3.6. | B24: Dossier de herrajes:
A25: 3.7. | B25: 0
A26: 3.8. | B26: Localización y ubicación:
A27: 3.9. | B27: Plano de conjunto:
A28: 3.10. | B28: Planta arquitectónica de conjunto (Por niveles):
A29: 3.11. | B29: Plano de paisajismo esquemático:
A30: 3.12. | B30: Plano de paisajismo definitivo:
A31: 3.13. | B31: 0
A32: 3.14. | B32: Plantas dimensionadas (por nivel):
A33: 3.15. | B33: Plantas de pisos (por nivel):
A34: 3.16. | B34: Elevaciones con especificaciones de materiales:
A35: 3.17. | B35: Secciones con especificaciones de materiales:
A36: 3.18. | B36: Ubicación de cuarto para equipos sanitarios:
A37: 3.19. | B37: Ubicación de compresores:
A38: 3.20. | B38: Ubicación en planos del contenedor de basura:
A39: 3.21. | B39: Ubicación en planos del tanque de gas:
A40: 3.22. | B40: Ubicación en planos del área para calentadores:
A41: 3.23. | B41: Plantas de plafones (por nivel):
A42: 3.24. | B42: Secciones de plafones:
A43: 3.25. | B43: Plantas de ubicación de iluminación e interruptores:
... A53: 3.35. | B53: Ubicación y detalle de vertedero:
A54: 3.36. | B54: 0
A55: 3.37. | B55: Detalles de puertas y ventanas:
A56: 3.38. | B56: Especificaciones de herrajes:
A57: 3.39. | B57: Detalles de baños principales:
A58: 3.40. | B58: Detalles de baños de servicio:
A59: 3.41. | B59: Detalles de muebles de baños principales:
A60: 3.42. | B60: Detalles de muebles de baños de servicio:
A61: 3.43. | B61: Detalles de cocina principal:
A62: 3.44. | B62: Detalles de cocina secundaria:
A63: 3.45. | B63: Detalles de cocina servicios:
A64: 3.46. | B64: Detalles de cocina kitchenette:
A65: 3.47. | B65: Detalles de muebles de cocina principal:
A66: 3.48. | B66: Detalles de muebles de cocina secundaria:
... A71: 3.53. | B71: Detalles de parqueos:
A72: 3.54. | B72: Detalles de zócalos: | G72: ESTADO
A73: 3.55. | B73: Detalles de lavandería: | G73: COMPLETO
A74: 3.56. | B74: Esquema de iluminación y tomacorrientes: | G74: INCOMPLETO
A75: 3.57. | B75: Detalles deck, jacuzzi y piscina: | G75: EN MODIFICACIÓN
A76: 3.58. | B76: Detalles de espejos de agua: | G76: EN REVISIÓN
A77: 3.59. | B77: Detalles de fuentes: | G77: FALTANTE
A78: 3.60. | B78: Detalles de escaleras: | G78: NO APLICA
A79: 3.61. | B79: Detalles de barandas:
A80: 3.62. | B80: Detalles de bar:
A81: 3.63. | B81: Detalles de bbq:
A82: 3.64. | B82: Detalles de ducha de exterior:
A83: 3.65. | B83: Detalles de rampas:
A84: 3.66. | B84: Detalles de techos:
A85: 3.67. | B85: Detalles de vuelos:
A86: 3.68. | B86: 0
A87: 4.1.1 | B87: Detalles generales
A88: 4.1.2 | B88: Planta de cimientos
A89: 4.1.3 | B89: Detalles de cimientos (zapatas, muros de mampostería, espejo de agua, pisos, etc.)
A90: 4.1.4 | B90: Detalle de columnas y muros
A91: 4.1.5 | B91: Detalles de vigas y columnas sismoresistentes
A92: 4.1.6 | B92: Detalle de piscina y jacuzzi
A93: 4.1.7 | B93: Plantas estructurales (incluye detalles de losas, especificacion de armado y junta de construcción)
A94: 4.1.8 | B94: Detalle de vigas y pórticos
A95: 4.1.9 | B95: Detalle de escaleras
A96: 4.1.10 | B96: Detalle de encofrado
A97: 4.1.11 | B97: Modelos estructurales
A98: 4.1.12 | B98: Memoria de cálculo
A99: 4.1.13 | B99: 0
A100: 4.2.1 | B100: Plano de alimentadores y paneles eléctricos:
A101: 4.2.2 | B101: Plantas de iluminación exterior:
A102: 4.2.3 | B102: Plantas de iluminación (por nivel):
A103: 4.2.4 | B103: Plantas de tomacorrientes (por nivel):
A104: 4.2.5 | B104: Plantas de instalaciones audio y data (por nivel):
A105: 4.2.6 | B105: Detalles de paneles:
A106: 4.2.7 | B106: Detalles de interruptores:
A107: 4.2.8 | B107: Detalles de tomacorrientes:
A108: 4.2.9 | B108: Detalles de alimentación eléctrica
A109: 4.2.10 | B109: Detalles de instalaciones sanitarias y de aires acondicionados:
A110: 4.2.11 | B110: Memoria de cálculos eléctricos:
A111: 4.2.12 | B111: Diagrama unifilar:
... A113: 4.2.14 | B113: Plantas coordinadas de techo:
A114: 4.2.15 | B114: 0
...

Sheet RESUMEN
A1: 1. Datos generales
A2: Proyecto: | C2: Lagos Las Nasas 09 | D2: Ubicación del proyecto: | F2: Punta Cana Resort & Club
A3: m2 de construcción: | C3: 972.98 m2 | D3: m2 de solar: | F3: 1775.18 m2
A4: Arquitecto Encargado: | C4: Priscilla Lora | D4: Gerente del proyecto: | F4: -
A5: Tipo de proyecto: | C5: Clientes | D5: Propietario: | F5: Melissa Raiti-Knapp & Jon Knapp
A6: Fecha de inicio del proyecto: | C6: - | D6: Fecha de finalización del proyecto: | F6: -
A7: Fecha de inicio recepción de documentación: | C7: 21.11.2025 | D7: Fecha de actualización: | F7: 03.12.2025
A8: 2. Permisologías
A9: N.º | B9: Documento | C9: Institución que emite | D9: Estado | E9: Responsable | F9: Observaciones
A10: 2.1. | B10: =+VLOOKUP(A10,'Base de datos'!$A$2:$B$163,2,FALSE) -> Carta de autorización y aprobación de planos | C10: GPC/ otros | G10: 4
A11: 2.2. | B11: =+VLOOKUP(A11,'Base de datos'!$A$2:$B$163,2,FALSE) -> Certificado de no objeción | C11: Ayuntamiento | G11: =+G10+$H$34 -> 12
A12: 2.3. | B12: =+VLOOKUP(A12,'Base de datos'!$A$2:$B$163,2,FALSE) -> Certificado de no objeción | C12: Ministerio de Turismo | G12: =+G11+$H$34 -> 20
A13: 2.4. | B13: =+VLOOKUP(A13,'Base de datos'!$A$2:$B$163,2,FALSE) -> Certificación de registro de impacto mínimo | C13: Ministerio de Medio Ambiente | G13: =+G12+$H$34 -> 28
A14: 2.5. | B14: =+VLOOKUP(A14,'Base de datos'!$A$2:$B$163,2,FALSE) -> Licencia de construcción | C14: Ministerio de Obras Públicas | G14: =+G13+$H$34 -> 36
A15: 2.6. | B15: =+VLOOKUP(A15,'Base de datos'!$A$2:$B$163,2,FALSE) -> Certificación (gestión de costos Y presupuestos) | C15: Codia | G15: =+G14+$H$34 -> 44
A16: Otros documentos
A17: N.º | B17: Documento | C17: Institución que emite | D17: Estado | E17: Responsable | F17: Observaciones
A18: 2.7. | B18: =+VLOOKUP(A18,'Base de datos'!$A$2:$B$163,2,FALSE) -> 0 | G18: =+G15+$H$34 -> 52
A19: 2.8. | B19: =+VLOOKUP(A19,'Base de datos'!$A$2:$B$163,2,FALSE) -> 0 | G19: =+G18+$H$34 -> 60
A20: 2.9. | B20: =+VLOOKUP(A20,'Base de datos'!$A$2:$B$163,2,FALSE) -> 0 | G20: =+G19+$H$34 -> 68
A21: 2.10. | B21: =+VLOOKUP(A21,'Base de datos'!$A$2:$B$163,2,FALSE) -> 0 | G21: =+G20+$H$34 -> 76
A22: 2.11. | B22: =+VLOOKUP(A22,'Base de datos'!$A$2:$B$163,2,FALSE) -> 0 | G22: =+G21+$H$34 -> 84
A23: Planos topográficos
A24: N.º | B24: Documento | C24: Fecha de recepción | D24: Estado | E24: Responsable | F24: Observaciones
A25: 2.2.1. | B25: =+VLOOKUP(A25,'Base de datos'!$A$2:$B$163,2,FALSE) -> Plano de coordenadas / solar. | C25: 25.11.2025 | D25: COMPLETO | E25: Contructora Dupla
A26: 2.2.2. | B26: =+VLOOKUP(A26,'Base de datos'!$A$2:$B$163,2,FALSE) -> Plano curvas de nivel. | D26: NO APLICA
A27: 2.2.3. | B27: =+VLOOKUP(A27,'Base de datos'!$A$2:$B$163,2,FALSE) -> Plano puntos de sondeo. | C27: 24.11.2025 | D27: COMPLETO | E27: Desangles Abreu | F27: Pagina 48 de estudio de suelo
A28: 2.2.4. | B28: =+VLOOKUP(A28,'Base de datos'!$A$2:$B$163,2,FALSE) -> Estudio de suelo. | C28: 24.11.2025 | D28: COMPLETO | E28: Desangles Abreu
A29: 2.2.5. | B29: =+VLOOKUP(A29,'Base de datos'!$A$2:$B$163,2,FALSE) -> Planta de Charrancha y Ejes. | D29: FALTANTE | E29: Contructora Dupla
A30: 2.2.6. | B30: =+VLOOKUP(A30,'Base de datos'!$A$2:$B$163,2,FALSE) -> 0
A31: 3. Planos arquitectónicos
A32: Memoria descriptiva del proyecto y materiales
A33: N.º | B33: Documento | C33: Fecha de recepción | D33: Estado | E33: Responsable | F33: Observaciones
A34: 3.1. | B34: =+VLOOKUP(A34,'Base de datos'!$A$2:$B$163,2,FALSE) -> Memoria descriptiva del proyecto: | D34: FALTANTE | E34: Desangles Abreu | G34: 4 | H34: 8
A35: 3.2. | B35: =+VLOOKUP(A35,'Base de datos'!$A$2:$B$163,2,FALSE) -> Memoria de materiales del proyecto: | C35: 27.11.2025 | D35: COMPLETO | E35: Desangles Abreu | G35: =+G34+$H$34 -> 12
A36: 3.3. | B36: =+VLOOKUP(A36,'Base de datos'!$A$2:$B$163,2,FALSE) -> Especificaciones de equipos sanitarios, eléctricos y de mecánicos: | C36: 27.11.2025 | D36: COMPLETO | E36: Desangles Abreu | F36: Sugerencias de terminaciones y calidad de equipos | G36: =+G35+$H$34 -> 20
A37: 3.4. | B37: =+VLOOKUP(A37,'Base de datos'!$A$2:$B$163,2,FALSE) -> Listado de materiales: | D37: FALTANTE | E37: Contructora Dupla | G37: =+G36+$H$34 -> 28
A38: 3.5. | B38: =+VLOOKUP(A38,'Base de datos'!$A$2:$B$163,2,FALSE) -> Dossier de aparatos sanitarios: | D38: FALTANTE | E38: Contructora Dupla
A39: 3.6. | B39: =+VLOOKUP(A39,'Base de datos'!$A$2:$B$163,2,FALSE) -> Dossier de herrajes: | D39: FALTANTE | E39: Contructora Dupla | F39: Sugerencias de terminaciones y calidad de herrajes
A40: 3.7. | B40: =+VLOOKUP(A40,'Base de datos'!$A$2:$B$163,2,FALSE) -> 0
A41: Planos de conjunto
A42: N.º | B42: Documento | C42: Fecha de recepción | D42: Estado | E42: Responsable | F42: Observaciones
A43: 3.8. | B43: =+VLOOKUP(A43,'Base de datos'!$A$2:$B$163,2,FALSE) -> Localización y ubicación: | C43: 27.11.2025 | D43: COMPLETO | E43: Desangles Abreu | G43: =+G37+$H$34 -> 36
A44: 3.9. | B44: =+VLOOKUP(A44,'Base de datos'!$A$2:$B$163,2,FALSE) -> Plano de conjunto: | C44: 27.11.2025 | D44: COMPLETO | E44: Desangles Abreu | G44: =+G43+$H$34 -> 44
A45: 3.10. | B45: =+VLOOKUP(A45,'Base de datos'!$A$2:$B$163,2,FALSE) -> Planta arquitectónica de conjunto (Por niveles): | C45: 27.11.2025 | D45: COMPLETO | E45: Desangles Abreu | G45: =+G44+$H$34 -> 52
A46: 3.11. | B46: =+VLOOKUP(A46,'Base de datos'!$A$2:$B$163,2,FALSE) -> Plano de paisajismo esquemático: | C46: 27.11.2025 | D46: COMPLETO | E46: Desangles Abreu | G46: =+G45+$H$34 -> 60
A47: 3.12. | B47: =+VLOOKUP(A47,'Base de datos'!$A$2:$B$163,2,FALSE) -> Plano de paisajismo definitivo: | D47: FALTANTE | G47: =+G46+$H$34 -> 68
A48: 3.13. | B48: =+VLOOKUP(A48,'Base de datos'!$A$2:$B$163,2,FALSE) -> 0 | G48: =+G47+$H$34 -> 76
A49: Planos arquitectónicos
A50: N.º | B50: Documento | C50: Fecha de recepción | D50: Estado | E50: Responsable | F50: Observaciones
A51: 3.14. | B51: =+VLOOKUP(A51,'Base de datos'!$A$2:$B$163,2,FALSE) -> Plantas dimensionadas (por nivel): | D51: FALTANTE | E51: Desangles Abreu | G51: =+G48+$H$34 -> 84
A52: 3.15. | B52: =+VLOOKUP(A52,'Base de datos'!$A$2:$B$163,2,FALSE) -> Plantas de pisos (por nivel): | C52: 01.12.2025 | D52: COMPLETO | E52: Desangles Abreu | G52: =+G51+$H$34 -> 92
A53: 3.16. | B53: =+VLOOKUP(A53,'Base de datos'!$A$2:$B$163,2,FALSE) -> Elevaciones con especificaciones de materiales: | C53: 27.11.2025 | D53: COMPLETO | E53: Desangles Abreu | G53: =+G52+$H$34 -> 100
A54: 3.17. | B54: =+VLOOKUP(A54,'Base de datos'!$A$2:$B$163,2,FALSE) -> Secciones con especificaciones de materiales: | C54: 27.11.2025 | D54: COMPLETO | E54: Desangles Abreu | G54: =+G53+$H$34 -> 108
A55: 3.18. | B55: =+VLOOKUP(A55,'Base de datos'!$A$2:$B$163,2,FALSE) -> Ubicación de cuarto para equipos sanitarios: | C55: 27.11.2025 | D55: INCOMPLETO | E55: Desangles Abreu | F55: Pendiente detalle y ver observaciones de lindero | G55: =+G54+$H$34 -> 116
A56: 3.19. | B56: =+VLOOKUP(A56,'Base de datos'!$A$2:$B$163,2,FALSE) -> Ubicación de compresores: | D56: FALTANTE | E56: Desangles Abreu | G56: =+G55+$H$34 -> 124
A57: 3.20. | B57: =+VLOOKUP(A57,'Base de datos'!$A$2:$B$163,2,FALSE) -> Ubicación en planos del contenedor de basura: | C57: 27.11.2025 | D57: COMPLETO | E57: Desangles Abreu | G57: =+G56+$H$34 -> 132
A58: 3.21. | B58: =+VLOOKUP(A58,'Base de datos'!$A$2:$B$163,2,FALSE) -> Ubicación en planos del tanque de gas: | C58: 27.11.2025 | D58: COMPLETO | E58: Desangles Abreu | G58: =+G57+$H$34 -> 140
A59: 3.22. | B59: =+VLOOKUP(A59,'Base de datos'!$A$2:$B$163,2,FALSE) -> Ubicación en planos del área para calentadores: | D59: FALTANTE | E59: Desangles Abreu | G59: =+G58+$H$34 -> 148
A60: 3.23. | B60: =+VLOOKUP(A60,'Base de datos'!$A$2:$B$163,2,FALSE) -> Plantas de plafones (por nivel): | C60: 27.11.2025 | D60: COMPLETO | E60: Desangles Abreu | G60: =+G59+$H$34 -> 156
A61: 3.24. | B61: =+VLOOKUP(A61,'Base de datos'!$A$2:$B$163,2,FALSE) -> Secciones de plafones: | C61: 27.11.2025 | D61: COMPLETO | E61: Desangles Abreu | G61: =+G60+$H$34 -> 164
A62: 3.25. | B62: =+VLOOKUP(A62,'Base de datos'!$A$2:$B$163,2,FALSE) -> Plantas de ubicación de iluminación e interruptores: | D62: FALTANTE | E62: Desangles Abreu | G62: =+G61+$H$34 -> 172
A63: 3.26. | B63: =+VLOOKUP(A63,'Base de datos'!$A$2:$B$163,2,FALSE) -> Plantas de ubicación de tomacorrientes: | D63: FALTANTE | E63: Desangles Abreu | G63: =+G62+$H$34 -> 180
A64: 3.27. | B64: =+VLOOKUP(A64,'Base de datos'!$A$2:$B$163,2,FALSE) -> Plantas de ubicación de audio, TV y previsiones eléctricas para cortinas: | D64: FALTANTE | E64: Desangles Abreu | G64: =+G63+$H$34 -> 188
A65: 3.28. | B65: =+VLOOKUP(A65,'Base de datos'!$A$2:$B$163,2,FALSE) -> Plantas de ubicación de cámaras: | D65: FALTANTE | E65: Desangles Abreu | G65: =+G64+$H$34 -> 196
A66: 3.29. | B66: =+VLOOKUP(A66,'Base de datos'!$A$2:$B$163,2,FALSE) -> Plantas de ubicación para previsiones de automatización: | D66: FALTANTE | E66: Desangles Abreu | G66: =+G65+$H$34 -> 204
A67: 3.30. | B67: =+VLOOKUP(A67,'Base de datos'!$A$2:$B$163,2,FALSE) -> Ubicación en planos del sistema de osmosis: | D67: FALTANTE | E67: Desangles Abreu | G67: =+G66+$H$34 -> 212
A68: 3.31. | B68: =+VLOOKUP(A68,'Base de datos'!$A$2:$B$163,2,FALSE) -> Tabla de puertas y ventanas: | C68: 27.11.2025 | D68: EN REVISIÓN | E68: Desangles Abreu | G68: =+G67+$H$34 -> 220
A69: 3.32. | B69: =+VLOOKUP(A69,'Base de datos'!$A$2:$B$163,2,FALSE) -> Detalle de cuarto de data: | D69: FALTANTE | E69: Desangles Abreu | G69: =+G68+$H$34 -> 228
A70: 3.33. | B70: =+VLOOKUP(A70,'Base de datos'!$A$2:$B$163,2,FALSE) -> Detalle de cuarto de eléctrico: | D70: FALTANTE | E70: Desangles Abreu
A71: 3.34. | B71: =+VLOOKUP(A71,'Base de datos'!$A$2:$B$163,2,FALSE) -> Detalle de cuarto de calentadores: | D71: FALTANTE | E71: Desangles Abreu
A72: 3.35. | B72: =+VLOOKUP(A72,'Base de datos'!$A$2:$B$163,2,FALSE) -> Ubicación y detalle de vertedero: | D72: FALTANTE | E72: Desangles Abreu
A73: 3.36. | B73: =+VLOOKUP(A73,'Base de datos'!$A$2:$B$163,2,FALSE) -> 0
A74: Detalles arquitectónicos & constructivos
A75: N.º | B75: Documento | C75: Fecha de recepción | D75: Estado | E75: Responsable | F75: Observaciones
A76: 3.37. | B76: =+VLOOKUP(A76,'Base de datos'!$A$2:$B$163,2,FALSE) -> Detalles de puertas y ventanas: | C76: 27.11.2025 | D76: EN REVISIÓN | E76: Desangles Abreu | G76: =+G69+$H$34 -> 236 | H76: =228+8 -> 236
A77: 3.38. | B77: =+VLOOKUP(A77,'Base de datos'!$A$2:$B$163,2,FALSE) -> Especificaciones de herrajes: | C77: 27.11.2025 | D77: COMPLETO | E77: Desangles Abreu | F77: Sugerencias de terminaciones y calidad de herrajes | G77: =+G76+8 -> 244
A78: 3.39. | B78: =+VLOOKUP(A78,'Base de datos'!$A$2:$B$163,2,FALSE) -> Detalles de baños principales: | C78: 01.12.2025 | D78: COMPLETO | E78: Desangles Abreu | G78: =+G77+8 -> 252
A79: 3.40. | B79: =+VLOOKUP(A79,'Base de datos'!$A$2:$B$163,2,FALSE) -> Detalles de baños de servicio: | C79: 27.11.2025 | D79: COMPLETO | E79: Desangles Abreu | G79: =+G78+8 -> 260
A80: 3.41. | B80: =+VLOOKUP(A80,'Base de datos'!$A$2:$B$163,2,FALSE) -> Detalles de muebles de baños principales: | C80: 01.12.2025 | D80: COMPLETO | E80: Desangles Abreu | G80: =+G79+8 -> 268
A81: 3.42. | B81: =+VLOOKUP(A81,'Base de datos'!$A$2:$B$163,2,FALSE) -> Detalles de muebles de baños de servicio: | C81: 27.11.2025 | D81: COMPLETO | E81: Desangles Abreu | G81: =+G80+8 -> 276
A82: 3.43. | B82: =+VLOOKUP(A82,'Base de datos'!$A$2:$B$163,2,FALSE) -> Detalles de cocina principal: | C82: 27.11.2025 | D82: COMPLETO | E82: Desangles Abreu | G82: =+G81+8 -> 284
A83: 3.44. | B83: =+VLOOKUP(A83,'Base de datos'!$A$2:$B$163,2,FALSE) -> Detalles de cocina secundaria: | C83: 27.11.2025 | D83: COMPLETO | E83: Desangles Abreu | G83: =+G82+8 -> 292
A84: 3.45. | B84: =+VLOOKUP(A84,'Base de datos'!$A$2:$B$163,2,FALSE) -> Detalles de cocina servicios: | C84: 01.12.2025 | D84: COMPLETO | E84: Desangles Abreu | G84: =+G83+8 -> 300
A85: 3.46. | B85: =+VLOOKUP(A85,'Base de datos'!$A$2:$B$163,2,FALSE) -> Detalles de cocina kitchenette: | D85: NO APLICA | G85: =+G84+8 -> 308
A86: 3.47. | B86: =+VLOOKUP(A86,'Base de datos'!$A$2:$B$163,2,FALSE) -> Detalles de muebles de cocina principal: | G86: =+G85+8 -> 316
A87: 3.48. | B87: =+VLOOKUP(A87,'Base de datos'!$A$2:$B$163,2,FALSE) -> Detalles de muebles de cocina secundaria: | G87: =+G86+8 -> 324
A88: 3.49. | B88: =+VLOOKUP(A88,'Base de datos'!$A$2:$B$163,2,FALSE) -> Detalles de muebles de cocina servicios: | G88: =+G87+8 -> 332
A89: 3.50. | B89: =+VLOOKUP(A89,'Base de datos'!$A$2:$B$163,2,FALSE) -> Detalles de muebles de cocina kitchenette: | G89: =+G88+8 -> 340
A90: 3.51. | B90: =+VLOOKUP(A90,'Base de datos'!$A$2:$B$163,2,FALSE) -> Detalles de gazebo: | D90: NO APLICA | G90: =+G89+8 -> 348
A91: 3.52. | B91: =+VLOOKUP(A91,'Base de datos'!$A$2:$B$163,2,FALSE) -> Detalles de cornisas: | D91: NO APLICA | G91: =+G90+8 -> 356
A92: 3.53. | B92: =+VLOOKUP(A92,'Base de datos'!$A$2:$B$163,2,FALSE) -> Detalles de parqueos: | D92: NO APLICA | G92: =+G91+8 -> 364
A93: 3.54. | B93: =+VLOOKUP(A93,'Base de datos'!$A$2:$B$163,2,FALSE) -> Detalles de zócalos: | D93: FALTANTE | E93: Desangles Abreu | G93: =+G92+8 -> 372
A94: 3.55. | B94: =+VLOOKUP(A94,'Base de datos'!$A$2:$B$163,2,FALSE) -> Detalles de lavandería: | C94: 27.11.2025 | D94: COMPLETO | E94: Desangles Abreu | G94: =+G93+8 -> 380
A95: 3.56. | B95: =+VLOOKUP(A95,'Base de datos'!$A$2:$B$163,2,FALSE) -> Esquema de iluminación y tomacorrientes: | D95: FALTANTE | E95: Desangles Abreu | G95: =+G94+8 -> 388
A96: 3.57. | B96: =+VLOOKUP(A96,'Base de datos'!$A$2:$B$163,2,FALSE) -> Detalles deck, jacuzzi y piscina: | C96: 27.11.2025 | D96: COMPLETO | E96: Desangles Abreu | G96: =+G95+8 -> 396
A97: 3.58. | B97: =+VLOOKUP(A97,'Base de datos'!$A$2:$B$163,2,FALSE) -> Detalles de espejos de agua: | D97: NO APLICA | G97: =+G96+8 -> 404
A98: 3.59. | B98: =+VLOOKUP(A98,'Base de datos'!$A$2:$B$163,2,FALSE) -> Detalles de fuentes: | C98: 01.12.2025 | D98: COMPLETO | E98: Desangles Abreu | G98: =+G97+8 -> 412
A99: 3.60. | B99: =+VLOOKUP(A99,'Base de datos'!$A$2:$B$163,2,FALSE) -> Detalles de escaleras: | C99: 01.12.2025 | D99: COMPLETO | E99: Desangles Abreu | G99: =+G98+8 -> 420
A100: 3.61. | B100: =+VLOOKUP(A100,'Base de datos'!$A$2:$B$163,2,FALSE) -> Detalles de barandas: | C100: 27.11.2025 | D100: COMPLETO | E100: Desangles Abreu | G100: =+G99+8 -> 428
...

Sheet ACTA DE AVANCE DE INFORMACIÓN 2
A1: 1. Datos generales
A3: Proyecto: | F3: Fecha de solicitud:
A4: Consecutivo de avance: | F4: Fecha de actualización:
A6: 2. Solicitud de información
A7: N.º | B7: Partida | C7: Información solicitada | D7: Fecha de Incio de Actividad | E7: Duración en ejecución (Días) | F7: ¿Es ruta critica? | G7: Responsable | H7: Fecha de inicio para modificación | I7: Fecha de inicio para modificación
A30: Observaciones:

Sheet ACTA DE AVANCE DE MODIFICACÓN
A1: 1. Datos generales
A3: Proyecto:
A4: N.º de avance:
A6: 2. Modificaciones en planos
A7: N.º | B7: Partida | C7: Información en modificación | D7: Responsable | E7: Fecha de inicio de modificación | F7: Seguimiento de solicitud (Días) | G7: Fecha de entrega
A30: Observaciones:
